sample.idROWS,sample.id,TubeNumberUnique,CatchID,SampleNotes,SampleReads,CatchDupKeep
Sample.8.9,Sample.8.9,9,10145,FROM CLEAN (BOILED) CLOTH BAG,43462,Y
Sample.60.10,Sample.60.10,10,10145,from CBC bino,33918,N
Sample.4.4,Sample.4.4,4,10148,on capture,53163,N
Sample.6.7,Sample.6.7,7,10148,FROM CLEAN (BOILED) CLOTH BAG - at end of capture,61101,Y
Sample.9.13,Sample.9.13,13,10149,FROM CLEAN (BOILED) CLOTH BAG,63352,Y
Sample.232.16b,Sample.232.16b,16b,10149,from CD hand,57572,N
Sample.12.17,Sample.12.17,17,10151,from CD hand,48059,N
Sample.15.20,Sample.15.20,20,10151,FROM CLEAN (BOILED) CLOTH BAG - BEFORE RELEASE,58005,Y
Sample.86.11,Sample.86.11,11,10151,FROM CLEAN (BOILED) CLOTH BAG,26147,N
Sample.21.26,Sample.21.26,26,10160,from CBC leg,71561,N
Sample.26.31,Sample.26.31,31,10160,from CBC hand,65218,Y
Sample.30.35,Sample.30.35,35,10172,from CBC leg,118120,N
Sample.124.44b,Sample.124.44b,44b,10172,from CBC hand,42584,Y
Sample.28.33,Sample.28.33,33,10178,FROM CLEAN (BOILED) CLOTH BAG,962984,Y
Sample.44.50,Sample.44.50,50,10178,FROM CLEAN (BOILED) CLOTH BAG,73885,N
Sample.18.23,Sample.18.23,23,10186,FROM CLEAN (BOILED) CLOTH BAG,45954,Y
Sample.33.39,Sample.33.39,39,10186,from CD hand,62429,N
Sample.45.51,Sample.45.51,51,10187,FROM CLEAN (BOILED) CLOTH BAG,131434,Y
Sample.58.58,Sample.58.58,58,10187,FROM CLEAN (BOILED) CLOTH BAG,31394,N
Sample.64.73,Sample.64.73,73,10196,FROM CLEAN (BOILED) CLOTH BAG,90434,Y
Sample.67.76,Sample.67.76,76,10196,FROM CLEAN (BOILED) CLOTH BAG,75625,N
Sample.120.91,Sample.120.91,91,10197,from CD hand,71748,N
Sample.84.96,Sample.84.96,96,10197,FROM CLEAN (BOILED) CLOTH BAG,88092,Y
Sample.80.92,Sample.80.92,92,10222,FROM BIRD,25408,N
Sample.86.98,Sample.86.98,98,10222,FROM CLEAN (BOILED) CLOTH BAG,22286,Y
Sample.105.118,Sample.105.118,118,10245,FROM CLEAN (BOILED) CLOTH BAG,28425,Y
Sample.106.119,Sample.106.119,119,10245,from tail feather,49714,N
Sample.109.122,Sample.109.122,122,10250,FROM BIRD,73943,N
Sample.111.124,Sample.111.124,124,10250,FROM CLEAN (BOILED) CLOTH BAG,42801,Y
Sample.73.194,Sample.73.194,194,10391,from MH hand,41187,N
Sample.9.188,Sample.9.188,188,10391,from mistnet?,22673,Y
Sample.122.197,Sample.122.197,197,10392,from bird tail,76044,Y
Sample.198.192,Sample.198.192,192,10392,from bird tail,57380,N
Sample.114.187,Sample.114.187,187,10394,FROM AVE HAND,22767,N
Sample.173.190,Sample.173.190,190,10394,from MH fieldbook,27903,N
Sample.274.191,Sample.274.191,191,10394,,30628,Y
Sample.118.263,Sample.118.263,263,10396,FROM AVE TROUSERS @ 15:46,55585,N
Sample.159.201,Sample.159.201,201,10396,from AVE trousers,56542,Y
Sample.48.182,Sample.48.182,182,10400,from MH hand,20168,Y
Sample.197.176,Sample.197.176,176,10400,from MH hand,17701,N
Sample.111.181,Sample.111.181,181,10401,from MH hand,16135,N
Sample.137.180,Sample.137.180,180,10401,from MH trousers,25315,Y
Sample.63.210,Sample.63.210,210,10411,FROM CAPTURE SHEET,55006,N
Sample.82.211,Sample.82.211,211,10411,FROM TRAY,63695,Y
Sample.143.217,Sample.143.217,217,10421,FROM TJB HAND,27873,N
Sample.174.216,Sample.174.216,216,10421,FROM TAIL,51094,N
Sample.250.213,Sample.250.213,213,10421,FROM TRAY,25275,Y
Sample.67.234,Sample.67.234,234,10427,FROM TJB HAND,16047,N
Sample.77.229,Sample.77.229,229,10427,FROM TRAY,40366,Y
Sample.53.230,Sample.53.230,230,10430,FROM TJB HAND,39261,N
Sample.168.228,Sample.168.228,228,10430,FROM TRAY,52668,Y
Sample.241.209,Sample.241.209,209,10436,FROM BIRD,13749,N
Sample.238.208b,Sample.238.208b,208b,10436,FROM TRAY,91138,Y
Sample.16.266,Sample.16.266,266,10449,FROM TRAY,17696,Y
Sample.65.265,Sample.65.265,265,10449,FROM CD HAND,48758,N
Sample.195.274,Sample.195.274,274,10452,FROM TRAY,41564,Y
Sample.214.272,Sample.214.272,272,10452,FROM CD HAND,50134,N
Sample.156.271,Sample.156.271,271,10454,FROM TRAY,55507,Y
Sample.264.270,Sample.264.270,270,10454,FROM NET (transferred ON WOODEN STICK),41725,N
Sample.69.318,Sample.69.318,318,10479,FROM CLEAN CLOTH BAG @ WEIGHT (BOILED),37203,N
Sample.93.319,Sample.93.319,319,10479,FROM TRAY,21093,Y
Sample.188.313,Sample.188.313,313,10489,FROM TRAY,48553,Y
Sample.210.312,Sample.210.312,312,10489,FROM BIRD,43751,N
Sample.235.314b,Sample.235.314b,314b,10489,FROM CLEAN CLOTH BAG @ WEIGHT (BOILED),94205,N
Sample.14.309,Sample.14.309,309,10490,FROM TRAY,34538,Y
Sample.78.310,Sample.78.310,310,10490,FROM CLEAN CLOTH BAG @ WEIGHT (BOILED),9282,N
Sample.158.289,Sample.158.289,289,10493,FROM TRAY,47980,N
Sample.205.276,Sample.205.276,276,10493,FROM TRAY,55522,Y
Sample.18.292,Sample.18.292,292,10494,FROM TRAY,27458,Y
Sample.224.290,Sample.224.290,290,10494,FROM AVE HAND,69797,N
Sample.192.339,Sample.192.339,339,10495,FROM CD HAND,46860,N
Sample.201.338,Sample.201.338,338,10495,FROM TRAY,41253,Y
Sample.45.329,Sample.45.329,329,10501,FROM CD HAND @ NET,44355,N
Sample.260.331,Sample.260.331,331,10501,FROM TRAY,30858,Y
Sample.76.357,Sample.76.357,357,10510,FROM BIRD AND CD HAND,36209,N
Sample.244.350,Sample.244.350,350,10510,FROM TRAY,32453,Y
Sample.84.321,Sample.84.321,321,10540,FROM TRAY,40706,Y
Sample.100.322b,Sample.100.322b,322b,10540,FROM CLEAN CLOTH BAG @ WEIGHT (BOILED),191118,N
Sample.132.382,Sample.132.382,382,10710,FROM TJB'S HAND,75101,N
Sample.194.386,Sample.194.386,386,10710,FROM TRAY,106977,Y
Sample.109.380,Sample.109.380,380,10715,FROM TRAY,86924,Y
Sample.118.381,Sample.118.381,381,10715,FROM TJB'S LEG,80044,N
Sample.147.383,Sample.147.383,383,10721,FROM TRAY,98563,Y
Sample.183.385,Sample.183.385,385,10721,FROM BIRD'S WING,84362,N
Sample.40.391,Sample.40.391,391,10723,FROM TRAY,48234,Y
Sample.47.392,Sample.47.392,392,10723,FROM TJB'S HAND,71209,N
Sample.46.409,Sample.46.409,409,10726,FROM TJB'S HAND,72846,N
Sample.78.411,Sample.78.411,411,10726,FROM CLIPBOARD,63572,Y
Sample.178.418,Sample.178.418,418,10741,FROM TJB'S HAND,82812,N
Sample.67.426,Sample.67.426,426,10741,FROM TRAY,77119,Y
Sample.1.422,Sample.1.422,422,10748,FROM TJB'S AND TLC'S HANDS,51502,N
Sample.130.414,Sample.130.414,414,10748,FROM TRAY,75934,Y
Sample.8.389,Sample.8.389,389,10755,FROM TJB'S SHIRT,72190,N
Sample.45.390b,Sample.45.390b,390b,10755,FROM TRAY,268589,Y
Sample.111.430,Sample.111.430,430,10763,FROM DIFFERENT TRAY,81395,N
Sample.83.428,Sample.83.428,428,10763,FROM TJB'S HAND,90684,N
Sample.97.429,Sample.97.429,429,10763,FROM TRAY,89321,Y
Sample.27.440,Sample.27.440,440,10775,FROM TRAY (TOUCHED TC'S HAND),81311,N
Sample.48.443,Sample.48.443,443,10775,FROM TRAY,74879,Y
Sample.129.551,Sample.129.551,551,10846,from cbc hand,34598,N
Sample.98.489,Sample.98.489,489,10846,from grate in bag,96538,Y
Sample.159.619,Sample.159.619,619,10897,sample from TC's hand,72550,N
Sample.45.631,Sample.45.631,631,10897,,60462,Y
Sample.189.625,Sample.189.625,625,10927,From Claire Waters foot,66986,N
Sample.220.627,Sample.220.627,627,10927,From table outside research center,101468,Y
Sample.137.621,Sample.137.621,621,10934,from tjb hand,91256,N
Sample.154.622,Sample.154.622,622,10934,,97061,Y
Sample.107.618,Sample.107.618,618,10946,,53978,Y
Sample.91.617,Sample.91.617,617,10946,from MPs hand,90801,N
Sample.10.875,Sample.10.875,875,11111,,79080,Y
Sample.49.877,Sample.49.877,877,11111,,17663,N